"","l2.dist","Model","Rep","uSeed","iterXthin","param.name","standardization","est","posterior_sd","pval","lower_2.5ci","upper_2.5ci","sig","BetweenWithin"
"1","Gaussian","BinAR",1,"13286","2000X5","X.WITH.PHI","unstd",0.006,0.012,0.278,-0.016,0.031,FALSE,"Between"
"2","Gaussian","BinAR",1,"13286","2000X5","X.WITH.LOGV","unstd",0.479,0.078,0,0.351,0.661,TRUE,"Between"
"3","Gaussian","BinAR",1,"13286","2000X5","PHI.WITH.LOGV","unstd",-0.001,0.006,0.439,-0.012,0.011,FALSE,"Between"
"4","Gaussian","BinAR",1,"13286","2000X5","Means.X","unstd",2.206,0.109,0,2,2.415,TRUE,"Between"
"5","Gaussian","BinAR",1,"13286","2000X5","Means.PHI","unstd",0.408,0.01,0,0.388,0.427,TRUE,"Between"
"6","Gaussian","BinAR",1,"13286","2000X5","Means.LOGV","unstd",0.21,0.053,0,0.103,0.315,TRUE,"Between"
"7","Gaussian","BinAR",1,"13286","2000X5","Variances.X","unstd",1.116,0.173,0,0.845,1.525,TRUE,"Between"
"8","Gaussian","BinAR",1,"13286","2000X5","Variances.PHI","unstd",0.002,0.001,0,0.001,0.004,TRUE,"Between"
"9","Gaussian","BinAR",1,"13286","2000X5","Variances.LOGV","unstd",0.255,0.042,0,0.187,0.349,TRUE,"Between"
"10","Gaussian","BinAR",1,"13286","2000X5","PHI|X.ON.X&1","stdyx",0.408,0.009,0,0.389,0.426,TRUE,"Within.Std.Averaged.Over.Clusters"
"11","Gaussian","BinAR",1,"13286","2000X5","LOGV.|.X","stdyx",0.832,0.007,0,0.817,0.846,TRUE,"Within.Std.Averaged.Over.Clusters"
"12","Gaussian","BinAR",1,"13286","2000X5","X.WITH.PHI","stdyx",0.153,0.262,0.278,-0.368,0.614,FALSE,"Between"
"13","Gaussian","BinAR",1,"13286","2000X5","X.WITH.LOGV","stdyx",0.899,0.028,0,0.833,0.941,TRUE,"Between"
"14","Gaussian","BinAR",1,"13286","2000X5","PHI.WITH.LOGV","stdyx",-0.041,0.265,0.439,-0.533,0.477,FALSE,"Between"
"15","Gaussian","BinAR",1,"13286","2000X5","Means.X","stdyx",2.082,0.183,0,1.741,2.45,TRUE,"Between"
"16","Gaussian","BinAR",1,"13286","2000X5","Means.PHI","stdyx",9.881,2.009,0,6.508,13.997,TRUE,"Between"
"17","Gaussian","BinAR",1,"13286","2000X5","Means.LOGV","stdyx",0.412,0.11,0,0.201,0.625,TRUE,"Between"
"18","Gaussian","BinAR",1,"13286","2000X5","Variances.X","stdyx",1,0,0,1,1,FALSE,"Between"
"19","Gaussian","BinAR",1,"13286","2000X5","Variances.PHI","stdyx",1,0,0,1,1,FALSE,"Between"
"20","Gaussian","BinAR",1,"13286","2000X5","Variances.LOGV","stdyx",1,0,0,1,1,FALSE,"Between"
"21","Gaussian","BinAR",1,"13286","5000X20","X.WITH.PHI","unstd",0.007,0.012,0.279,-0.017,0.031,FALSE,"Between"
"22","Gaussian","BinAR",1,"13286","5000X20","X.WITH.LOGV","unstd",0.482,0.082,0,0.352,0.676,TRUE,"Between"
"23","Gaussian","BinAR",1,"13286","5000X20","PHI.WITH.LOGV","unstd",-0.001,0.006,0.449,-0.013,0.011,FALSE,"Between"
"24","Gaussian","BinAR",1,"13286","5000X20","Means.X","unstd",2.206,0.109,0,1.989,2.424,TRUE,"Between"
"25","Gaussian","BinAR",1,"13286","5000X20","Means.PHI","unstd",0.408,0.01,0,0.388,0.429,TRUE,"Between"
"26","Gaussian","BinAR",1,"13286","5000X20","Means.LOGV","unstd",0.21,0.054,0,0.102,0.316,TRUE,"Between"
"27","Gaussian","BinAR",1,"13286","5000X20","Variances.X","unstd",1.119,0.18,0,0.841,1.541,TRUE,"Between"
"28","Gaussian","BinAR",1,"13286","5000X20","Variances.PHI","unstd",0.002,0.001,0,0.001,0.004,TRUE,"Between"
"29","Gaussian","BinAR",1,"13286","5000X20","Variances.LOGV","unstd",0.255,0.044,0,0.187,0.359,TRUE,"Between"
"30","Gaussian","BinAR",1,"13286","5000X20","PHI|X.ON.X&1","stdyx",0.408,0.009,0,0.39,0.426,TRUE,"Within.Std.Averaged.Over.Clusters"
"31","Gaussian","BinAR",1,"13286","5000X20","LOGV.|.X","stdyx",0.832,0.008,0,0.816,0.846,TRUE,"Within.Std.Averaged.Over.Clusters"
"32","Gaussian","BinAR",1,"13286","5000X20","X.WITH.PHI","stdyx",0.155,0.258,0.279,-0.366,0.629,FALSE,"Between"
"33","Gaussian","BinAR",1,"13286","5000X20","X.WITH.LOGV","stdyx",0.901,0.028,0,0.836,0.944,TRUE,"Between"
"34","Gaussian","BinAR",1,"13286","5000X20","PHI.WITH.LOGV","stdyx",-0.037,0.274,0.449,-0.557,0.498,FALSE,"Between"
"35","Gaussian","BinAR",1,"13286","5000X20","Means.X","stdyx",2.084,0.188,0,1.718,2.463,TRUE,"Between"
"36","Gaussian","BinAR",1,"13286","5000X20","Means.PHI","stdyx",9.687,2.047,0,6.315,14.03,TRUE,"Between"
"37","Gaussian","BinAR",1,"13286","5000X20","Means.LOGV","stdyx",0.417,0.112,0,0.196,0.634,TRUE,"Between"
"38","Gaussian","BinAR",1,"13286","5000X20","Variances.X","stdyx",1,0,0,1,1,FALSE,"Between"
"39","Gaussian","BinAR",1,"13286","5000X20","Variances.PHI","stdyx",1,0,0,1,1,FALSE,"Between"
"40","Gaussian","BinAR",1,"13286","5000X20","Variances.LOGV","stdyx",1,0,0,1,1,FALSE,"Between"
"41","Chi2","BinAR",1,"13293","2000X5","X.WITH.PHI","unstd",0.012,0.025,0.303,-0.035,0.064,FALSE,"Between"
"42","Chi2","BinAR",1,"13293","2000X5","X.WITH.LOGV","unstd",0.939,0.174,0,0.672,1.336,TRUE,"Between"
"43","Chi2","BinAR",1,"13293","2000X5","PHI.WITH.LOGV","unstd",0.004,0.007,0.273,-0.01,0.02,FALSE,"Between"
"44","Chi2","BinAR",1,"13293","2000X5","Means.X","unstd",2.815,0.214,0,2.406,3.234,TRUE,"Between"
"45","Chi2","BinAR",1,"13293","2000X5","Means.PHI","unstd",0.404,0.01,0,0.384,0.423,TRUE,"Between"
"46","Chi2","BinAR",1,"13293","2000X5","Means.LOGV","unstd",0.169,0.065,0.004,0.048,0.3,TRUE,"Between"
"47","Chi2","BinAR",1,"13293","2000X5","Variances.X","unstd",4.437,0.666,0,3.389,5.976,TRUE,"Between"
"48","Chi2","BinAR",1,"13293","2000X5","Variances.PHI","unstd",0.002,0.001,0,0.001,0.004,TRUE,"Between"
"49","Chi2","BinAR",1,"13293","2000X5","Variances.LOGV","unstd",0.391,0.063,0,0.291,0.539,TRUE,"Between"
"50","Chi2","BinAR",1,"13293","2000X5","PHI|X.ON.X&1","stdyx",0.404,0.009,0,0.385,0.422,TRUE,"Within.Std.Averaged.Over.Clusters"
"51","Chi2","BinAR",1,"13293","2000X5","LOGV.|.X","stdyx",0.835,0.008,0,0.821,0.85,TRUE,"Within.Std.Averaged.Over.Clusters"
"52","Chi2","BinAR",1,"13293","2000X5","X.WITH.PHI","stdyx",0.148,0.265,0.303,-0.381,0.66,FALSE,"Between"
"53","Chi2","BinAR",1,"13293","2000X5","X.WITH.LOGV","stdyx",0.717,0.053,0,0.602,0.808,TRUE,"Between"
"54","Chi2","BinAR",1,"13293","2000X5","PHI.WITH.LOGV","stdyx",0.151,0.267,0.273,-0.378,0.684,FALSE,"Between"
"55","Chi2","BinAR",1,"13293","2000X5","Means.X","stdyx",1.335,0.141,0,1.07,1.622,TRUE,"Between"
"56","Chi2","BinAR",1,"13293","2000X5","Means.PHI","stdyx",9.869,2.104,0,6.239,13.99,TRUE,"Between"
"57","Chi2","BinAR",1,"13293","2000X5","Means.LOGV","stdyx",0.274,0.105,0.004,0.073,0.482,TRUE,"Between"
"58","Chi2","BinAR",1,"13293","2000X5","Variances.X","stdyx",1,0,0,1,1,FALSE,"Between"
"59","Chi2","BinAR",1,"13293","2000X5","Variances.PHI","stdyx",1,0,0,1,1,FALSE,"Between"
"60","Chi2","BinAR",1,"13293","2000X5","Variances.LOGV","stdyx",1,0,0,1,1,FALSE,"Between"
"61","Chi2","BinAR",1,"13293","5000X20","X.WITH.PHI","unstd",0.012,0.024,0.307,-0.035,0.06,FALSE,"Between"
"62","Chi2","BinAR",1,"13293","5000X20","X.WITH.LOGV","unstd",0.949,0.183,0,0.664,1.379,TRUE,"Between"
"63","Chi2","BinAR",1,"13293","5000X20","PHI.WITH.LOGV","unstd",0.004,0.007,0.284,-0.01,0.019,FALSE,"Between"
"64","Chi2","BinAR",1,"13293","5000X20","Means.X","unstd",2.824,0.214,0,2.406,3.246,TRUE,"Between"
"65","Chi2","BinAR",1,"13293","5000X20","Means.PHI","unstd",0.404,0.01,0,0.384,0.424,TRUE,"Between"
"66","Chi2","BinAR",1,"13293","5000X20","Means.LOGV","unstd",0.174,0.066,0.006,0.041,0.299,TRUE,"Between"
"67","Chi2","BinAR",1,"13293","5000X20","Variances.X","unstd",4.462,0.694,0,3.372,6.082,TRUE,"Between"
"68","Chi2","BinAR",1,"13293","5000X20","Variances.PHI","unstd",0.002,0.001,0,0.001,0.004,TRUE,"Between"
"69","Chi2","BinAR",1,"13293","5000X20","Variances.LOGV","unstd",0.393,0.065,0,0.293,0.544,TRUE,"Between"
"70","Chi2","BinAR",1,"13293","5000X20","PHI|X.ON.X&1","stdyx",0.404,0.009,0,0.386,0.422,TRUE,"Within.Std.Averaged.Over.Clusters"
"71","Chi2","BinAR",1,"13293","5000X20","LOGV.|.X","stdyx",0.835,0.007,0,0.82,0.85,TRUE,"Within.Std.Averaged.Over.Clusters"
"72","Chi2","BinAR",1,"13293","5000X20","X.WITH.PHI","stdyx",0.132,0.258,0.307,-0.39,0.623,FALSE,"Between"
"73","Chi2","BinAR",1,"13293","5000X20","X.WITH.LOGV","stdyx",0.721,0.054,0,0.602,0.812,TRUE,"Between"
"74","Chi2","BinAR",1,"13293","5000X20","PHI.WITH.LOGV","stdyx",0.163,0.267,0.284,-0.391,0.654,FALSE,"Between"
"75","Chi2","BinAR",1,"13293","5000X20","Means.X","stdyx",1.335,0.141,0,1.063,1.615,TRUE,"Between"
"76","Chi2","BinAR",1,"13293","5000X20","Means.PHI","stdyx",9.728,2.087,0,6.149,14.027,TRUE,"Between"
"77","Chi2","BinAR",1,"13293","5000X20","Means.LOGV","stdyx",0.277,0.107,0.006,0.066,0.485,TRUE,"Between"
"78","Chi2","BinAR",1,"13293","5000X20","Variances.X","stdyx",1,0,0,1,1,FALSE,"Between"
"79","Chi2","BinAR",1,"13293","5000X20","Variances.PHI","stdyx",1,0,0,1,1,FALSE,"Between"
"80","Chi2","BinAR",1,"13293","5000X20","Variances.LOGV","stdyx",1,0,0,1,1,FALSE,"Between"
"81","Gaussian","Chi2AR",1,"13297","2000X5","X.WITH.PHI","unstd",0.033,0.041,0.216,-0.045,0.116,FALSE,"Between"
"82","Gaussian","Chi2AR",1,"13297","2000X5","X.WITH.LOGV","unstd",1.265,0.201,0,0.941,1.751,TRUE,"Between"
"83","Gaussian","Chi2AR",1,"13297","2000X5","PHI.WITH.LOGV","unstd",0.005,0.005,0.162,-0.005,0.015,FALSE,"Between"
"84","Gaussian","Chi2AR",1,"13297","2000X5","Means.X","unstd",10.298,0.343,0,9.624,10.947,TRUE,"Between"
"85","Gaussian","Chi2AR",1,"13297","2000X5","Means.PHI","unstd",0.409,0.011,0,0.385,0.43,TRUE,"Between"
"86","Gaussian","Chi2AR",1,"13297","2000X5","Means.LOGV","unstd",2.43,0.042,0,2.346,2.51,TRUE,"Between"
"87","Gaussian","Chi2AR",1,"13297","2000X5","Variances.X","unstd",11.077,1.71,0,8.369,15.059,TRUE,"Between"
"88","Gaussian","Chi2AR",1,"13297","2000X5","Variances.PHI","unstd",0.004,0.002,0,0.001,0.008,TRUE,"Between"
"89","Gaussian","Chi2AR",1,"13297","2000X5","Variances.LOGV","unstd",0.152,0.026,0,0.11,0.217,TRUE,"Between"
"90","Gaussian","Chi2AR",1,"13297","2000X5","PHI|X.ON.X&1","stdyx",0.409,0.009,0,0.389,0.427,TRUE,"Within.Std.Averaged.Over.Clusters"
"91","Gaussian","Chi2AR",1,"13297","2000X5","LOGV.|.X","stdyx",0.829,0.008,0,0.814,0.845,TRUE,"Within.Std.Averaged.Over.Clusters"
"92","Gaussian","Chi2AR",1,"13297","2000X5","X.WITH.PHI","stdyx",0.158,0.192,0.216,-0.221,0.518,FALSE,"Between"
"93","Gaussian","Chi2AR",1,"13297","2000X5","X.WITH.LOGV","stdyx",0.978,0.014,0,0.942,0.996,TRUE,"Between"
"94","Gaussian","Chi2AR",1,"13297","2000X5","PHI.WITH.LOGV","stdyx",0.2,0.2,0.162,-0.193,0.577,FALSE,"Between"
"95","Gaussian","Chi2AR",1,"13297","2000X5","Means.X","stdyx",3.092,0.253,0,2.616,3.611,TRUE,"Between"
"96","Gaussian","Chi2AR",1,"13297","2000X5","Means.PHI","stdyx",6.503,1.732,0,4.48,11.299,TRUE,"Between"
"97","Gaussian","Chi2AR",1,"13297","2000X5","Means.LOGV","stdyx",6.234,0.53,0,5.246,7.316,TRUE,"Between"
"98","Gaussian","Chi2AR",1,"13297","2000X5","Variances.X","stdyx",1,0,0,1,1,FALSE,"Between"
"99","Gaussian","Chi2AR",1,"13297","2000X5","Variances.PHI","stdyx",1,0,0,1,1,FALSE,"Between"
"100","Gaussian","Chi2AR",1,"13297","2000X5","Variances.LOGV","stdyx",1,0,0,1,1,FALSE,"Between"
"101","Gaussian","Chi2AR",1,"13297","5000X20","X.WITH.PHI","unstd",0.032,0.043,0.209,-0.047,0.124,FALSE,"Between"
"102","Gaussian","Chi2AR",1,"13297","5000X20","X.WITH.LOGV","unstd",1.274,0.209,0,0.945,1.756,TRUE,"Between"
"103","Gaussian","Chi2AR",1,"13297","5000X20","PHI.WITH.LOGV","unstd",0.005,0.005,0.165,-0.005,0.016,FALSE,"Between"
"104","Gaussian","Chi2AR",1,"13297","5000X20","Means.X","unstd",10.298,0.345,0,9.613,10.978,TRUE,"Between"
"105","Gaussian","Chi2AR",1,"13297","5000X20","Means.PHI","unstd",0.409,0.011,0,0.386,0.432,TRUE,"Between"
"106","Gaussian","Chi2AR",1,"13297","5000X20","Means.LOGV","unstd",2.43,0.043,0,2.344,2.511,TRUE,"Between"
"107","Gaussian","Chi2AR",1,"13297","5000X20","Variances.X","unstd",11.14,1.799,0,8.334,15.361,TRUE,"Between"
"108","Gaussian","Chi2AR",1,"13297","5000X20","Variances.PHI","unstd",0.004,0.002,0,0.001,0.008,TRUE,"Between"
"109","Gaussian","Chi2AR",1,"13297","5000X20","Variances.LOGV","unstd",0.152,0.027,0,0.11,0.215,TRUE,"Between"
"110","Gaussian","Chi2AR",1,"13297","5000X20","PHI|X.ON.X&1","stdyx",0.409,0.009,0,0.39,0.427,TRUE,"Within.Std.Averaged.Over.Clusters"
"111","Gaussian","Chi2AR",1,"13297","5000X20","LOGV.|.X","stdyx",0.829,0.008,0,0.814,0.843,TRUE,"Within.Std.Averaged.Over.Clusters"
"112","Gaussian","Chi2AR",1,"13297","5000X20","X.WITH.PHI","stdyx",0.156,0.192,0.209,-0.226,0.529,FALSE,"Between"
"113","Gaussian","Chi2AR",1,"13297","5000X20","X.WITH.LOGV","stdyx",0.98,0.014,0,0.943,0.997,TRUE,"Between"
"114","Gaussian","Chi2AR",1,"13297","5000X20","PHI.WITH.LOGV","stdyx",0.198,0.2,0.165,-0.201,0.585,FALSE,"Between"
"115","Gaussian","Chi2AR",1,"13297","5000X20","Means.X","stdyx",3.089,0.258,0,2.597,3.599,TRUE,"Between"
"116","Gaussian","Chi2AR",1,"13297","5000X20","Means.PHI","stdyx",6.388,1.645,0,4.415,10.908,TRUE,"Between"
"117","Gaussian","Chi2AR",1,"13297","5000X20","Means.LOGV","stdyx",6.219,0.544,0,5.219,7.328,TRUE,"Between"
"118","Gaussian","Chi2AR",1,"13297","5000X20","Variances.X","stdyx",1,0,0,1,1,FALSE,"Between"
"119","Gaussian","Chi2AR",1,"13297","5000X20","Variances.PHI","stdyx",1,0,0,1,1,FALSE,"Between"
"120","Gaussian","Chi2AR",1,"13297","5000X20","Variances.LOGV","stdyx",1,0,0,1,1,FALSE,"Between"
"121","Chi2","Chi2AR",1,"13304","2000X5","X.WITH.PHI","unstd",0.091,0.038,0.002,0.027,0.176,TRUE,"Between"
"122","Chi2","Chi2AR",1,"13304","2000X5","X.WITH.LOGV","unstd",2.402,0.391,0,1.765,3.33,TRUE,"Between"
"123","Chi2","Chi2AR",1,"13304","2000X5","PHI.WITH.LOGV","unstd",0.021,0.01,0.009,0.003,0.043,TRUE,"Between"
"124","Chi2","Chi2AR",1,"13304","2000X5","Means.X","unstd",5.025,0.32,0,4.391,5.629,TRUE,"Between"
"125","Chi2","Chi2AR",1,"13304","2000X5","Means.PHI","unstd",0.395,0.01,0,0.376,0.416,TRUE,"Between"
"126","Chi2","Chi2AR",1,"13304","2000X5","Means.LOGV","unstd",1.548,0.087,0,1.368,1.712,TRUE,"Between"
"127","Chi2","Chi2AR",1,"13304","2000X5","Variances.X","unstd",10.185,1.608,0,7.654,13.981,TRUE,"Between"
"128","Chi2","Chi2AR",1,"13304","2000X5","Variances.PHI","unstd",0.002,0.001,0,0.001,0.005,TRUE,"Between"
"129","Chi2","Chi2AR",1,"13304","2000X5","Variances.LOGV","unstd",0.732,0.113,0,0.546,0.996,TRUE,"Between"
"130","Chi2","Chi2AR",1,"13304","2000X5","PHI|X.ON.X&1","stdyx",0.395,0.009,0,0.378,0.414,TRUE,"Within.Std.Averaged.Over.Clusters"
"131","Chi2","Chi2AR",1,"13304","2000X5","LOGV.|.X","stdyx",0.842,0.007,0,0.827,0.855,TRUE,"Within.Std.Averaged.Over.Clusters"
"132","Chi2","Chi2AR",1,"13304","2000X5","X.WITH.PHI","stdyx",0.648,0.191,0.002,0.203,0.95,TRUE,"Between"
"133","Chi2","Chi2AR",1,"13304","2000X5","X.WITH.LOGV","stdyx",0.885,0.026,0,0.828,0.927,TRUE,"Between"
"134","Chi2","Chi2AR",1,"13304","2000X5","PHI.WITH.LOGV","stdyx",0.563,0.205,0.009,0.07,0.88,TRUE,"Between"
"135","Chi2","Chi2AR",1,"13304","2000X5","Means.X","stdyx",1.576,0.154,0,1.27,1.888,TRUE,"Between"
"136","Chi2","Chi2AR",1,"13304","2000X5","Means.PHI","stdyx",8.865,1.9,0,5.853,12.871,TRUE,"Between"
"137","Chi2","Chi2AR",1,"13304","2000X5","Means.LOGV","stdyx",1.809,0.17,0,1.479,2.15,TRUE,"Between"
"138","Chi2","Chi2AR",1,"13304","2000X5","Variances.X","stdyx",1,0,0,1,1,FALSE,"Between"
"139","Chi2","Chi2AR",1,"13304","2000X5","Variances.PHI","stdyx",1,0,0,1,1,FALSE,"Between"
"140","Chi2","Chi2AR",1,"13304","2000X5","Variances.LOGV","stdyx",1,0,0,1,1,FALSE,"Between"
"141","Chi2","Chi2AR",1,"13304","5000X20","X.WITH.PHI","unstd",0.092,0.038,0.005,0.024,0.173,TRUE,"Between"
"142","Chi2","Chi2AR",1,"13304","5000X20","X.WITH.LOGV","unstd",2.416,0.408,0,1.775,3.365,TRUE,"Between"
"143","Chi2","Chi2AR",1,"13304","5000X20","PHI.WITH.LOGV","unstd",0.022,0.011,0.015,0.002,0.044,TRUE,"Between"
"144","Chi2","Chi2AR",1,"13304","5000X20","Means.X","unstd",5.026,0.327,0,4.371,5.654,TRUE,"Between"
"145","Chi2","Chi2AR",1,"13304","5000X20","Means.PHI","unstd",0.396,0.011,0,0.375,0.417,TRUE,"Between"
"146","Chi2","Chi2AR",1,"13304","5000X20","Means.LOGV","unstd",1.549,0.088,0,1.375,1.715,TRUE,"Between"
"147","Chi2","Chi2AR",1,"13304","5000X20","Variances.X","unstd",10.188,1.644,0,7.649,14.073,TRUE,"Between"
"148","Chi2","Chi2AR",1,"13304","5000X20","Variances.PHI","unstd",0.002,0.001,0,0.001,0.005,TRUE,"Between"
"149","Chi2","Chi2AR",1,"13304","5000X20","Variances.LOGV","unstd",0.733,0.118,0,0.549,1.007,TRUE,"Between"
"150","Chi2","Chi2AR",1,"13304","5000X20","PHI|X.ON.X&1","stdyx",0.396,0.009,0,0.378,0.415,TRUE,"Within.Std.Averaged.Over.Clusters"
"151","Chi2","Chi2AR",1,"13304","5000X20","LOGV.|.X","stdyx",0.841,0.007,0,0.826,0.855,TRUE,"Within.Std.Averaged.Over.Clusters"
"152","Chi2","Chi2AR",1,"13304","5000X20","X.WITH.PHI","stdyx",0.642,0.197,0.005,0.188,0.936,TRUE,"Between"
"153","Chi2","Chi2AR",1,"13304","5000X20","X.WITH.LOGV","stdyx",0.886,0.026,0,0.825,0.929,TRUE,"Between"
"154","Chi2","Chi2AR",1,"13304","5000X20","PHI.WITH.LOGV","stdyx",0.569,0.216,0.015,0.065,0.889,TRUE,"Between"
"155","Chi2","Chi2AR",1,"13304","5000X20","Means.X","stdyx",1.577,0.156,0,1.268,1.881,TRUE,"Between"
"156","Chi2","Chi2AR",1,"13304","5000X20","Means.PHI","stdyx",8.735,1.929,0,5.656,13.017,TRUE,"Between"
"157","Chi2","Chi2AR",1,"13304","5000X20","Means.LOGV","stdyx",1.812,0.174,0,1.472,2.153,TRUE,"Between"
"158","Chi2","Chi2AR",1,"13304","5000X20","Variances.X","stdyx",1,0,0,1,1,FALSE,"Between"
"159","Chi2","Chi2AR",1,"13304","5000X20","Variances.PHI","stdyx",1,0,0,1,1,FALSE,"Between"
"160","Chi2","Chi2AR",1,"13304","5000X20","Variances.LOGV","stdyx",1,0,0,1,1,FALSE,"Between"
"161","Gaussian","BinAR",2,"23286","2000X5","X.WITH.PHI","unstd",0.015,0.013,0.101,-0.009,0.042,FALSE,"Between"
"162","Gaussian","BinAR",2,"23286","2000X5","X.WITH.LOGV","unstd",0.483,0.078,0,0.357,0.667,TRUE,"Between"
"163","Gaussian","BinAR",2,"23286","2000X5","PHI.WITH.LOGV","unstd",0.005,0.006,0.212,-0.007,0.018,FALSE,"Between"
"164","Gaussian","BinAR",2,"23286","2000X5","Means.X","unstd",2.112,0.11,0,1.894,2.324,TRUE,"Between"
"165","Gaussian","BinAR",2,"23286","2000X5","Means.PHI","unstd",0.4,0.011,0,0.38,0.42,TRUE,"Between"
"166","Gaussian","BinAR",2,"23286","2000X5","Means.LOGV","unstd",0.146,0.053,0.002,0.045,0.248,TRUE,"Between"
"167","Gaussian","BinAR",2,"23286","2000X5","Variances.X","unstd",1.14,0.175,0,0.863,1.542,TRUE,"Between"
"168","Gaussian","BinAR",2,"23286","2000X5","Variances.PHI","unstd",0.002,0.001,0,0.001,0.005,TRUE,"Between"
"169","Gaussian","BinAR",2,"23286","2000X5","Variances.LOGV","unstd",0.248,0.041,0,0.182,0.343,TRUE,"Between"
"170","Gaussian","BinAR",2,"23286","2000X5","PHI|X.ON.X&1","stdyx",0.401,0.009,0,0.382,0.419,TRUE,"Within.Std.Averaged.Over.Clusters"
"171","Gaussian","BinAR",2,"23286","2000X5","LOGV.|.X","stdyx",0.837,0.008,0,0.822,0.851,TRUE,"Within.Std.Averaged.Over.Clusters"
"172","Gaussian","BinAR",2,"23286","2000X5","X.WITH.PHI","stdyx",0.302,0.224,0.101,-0.182,0.689,FALSE,"Between"
"173","Gaussian","BinAR",2,"23286","2000X5","X.WITH.LOGV","stdyx",0.912,0.025,0,0.853,0.95,TRUE,"Between"
"174","Gaussian","BinAR",2,"23286","2000X5","PHI.WITH.LOGV","stdyx",0.208,0.243,0.212,-0.305,0.665,FALSE,"Between"
"175","Gaussian","BinAR",2,"23286","2000X5","Means.X","stdyx",1.979,0.178,0,1.647,2.33,TRUE,"Between"
"176","Gaussian","BinAR",2,"23286","2000X5","Means.PHI","stdyx",8.401,2.125,0,5.32,13.229,TRUE,"Between"
"177","Gaussian","BinAR",2,"23286","2000X5","Means.LOGV","stdyx",0.297,0.108,0.002,0.086,0.499,TRUE,"Between"
"178","Gaussian","BinAR",2,"23286","2000X5","Variances.X","stdyx",1,0,0,1,1,FALSE,"Between"
"179","Gaussian","BinAR",2,"23286","2000X5","Variances.PHI","stdyx",1,0,0,1,1,FALSE,"Between"
"180","Gaussian","BinAR",2,"23286","2000X5","Variances.LOGV","stdyx",1,0,0,1,1,FALSE,"Between"
"181","Gaussian","BinAR",2,"23286","5000X20","X.WITH.PHI","unstd",0.015,0.013,0.106,-0.009,0.041,FALSE,"Between"
"182","Gaussian","BinAR",2,"23286","5000X20","X.WITH.LOGV","unstd",0.486,0.081,0,0.358,0.676,TRUE,"Between"
"183","Gaussian","BinAR",2,"23286","5000X20","PHI.WITH.LOGV","unstd",0.005,0.006,0.211,-0.007,0.017,FALSE,"Between"
"184","Gaussian","BinAR",2,"23286","5000X20","Means.X","unstd",2.111,0.11,0,1.891,2.327,TRUE,"Between"
"185","Gaussian","BinAR",2,"23286","5000X20","Means.PHI","unstd",0.4,0.011,0,0.379,0.422,TRUE,"Between"
"186","Gaussian","BinAR",2,"23286","5000X20","Means.LOGV","unstd",0.149,0.053,0.003,0.044,0.252,TRUE,"Between"
"187","Gaussian","BinAR",2,"23286","5000X20","Variances.X","unstd",1.144,0.184,0,0.865,1.571,TRUE,"Between"
"188","Gaussian","BinAR",2,"23286","5000X20","Variances.PHI","unstd",0.002,0.001,0,0.001,0.006,TRUE,"Between"
"189","Gaussian","BinAR",2,"23286","5000X20","Variances.LOGV","unstd",0.248,0.042,0,0.183,0.346,TRUE,"Between"
"190","Gaussian","BinAR",2,"23286","5000X20","PHI|X.ON.X&1","stdyx",0.401,0.009,0,0.383,0.419,TRUE,"Within.Std.Averaged.Over.Clusters"
"191","Gaussian","BinAR",2,"23286","5000X20","LOGV.|.X","stdyx",0.837,0.007,0,0.822,0.851,TRUE,"Within.Std.Averaged.Over.Clusters"
"192","Gaussian","BinAR",2,"23286","5000X20","X.WITH.PHI","stdyx",0.297,0.226,0.106,-0.171,0.715,FALSE,"Between"
"193","Gaussian","BinAR",2,"23286","5000X20","X.WITH.LOGV","stdyx",0.914,0.025,0,0.855,0.952,TRUE,"Between"
"194","Gaussian","BinAR",2,"23286","5000X20","PHI.WITH.LOGV","stdyx",0.205,0.244,0.211,-0.31,0.659,FALSE,"Between"
"195","Gaussian","BinAR",2,"23286","5000X20","Means.X","stdyx",1.975,0.181,0,1.619,2.325,TRUE,"Between"
"196","Gaussian","BinAR",2,"23286","5000X20","Means.PHI","stdyx",8.297,2.058,0,5.301,13.127,TRUE,"Between"
"197","Gaussian","BinAR",2,"23286","5000X20","Means.LOGV","stdyx",0.297,0.109,0.003,0.086,0.512,TRUE,"Between"
"198","Gaussian","BinAR",2,"23286","5000X20","Variances.X","stdyx",1,0,0,1,1,FALSE,"Between"
"199","Gaussian","BinAR",2,"23286","5000X20","Variances.PHI","stdyx",1,0,0,1,1,FALSE,"Between"
"200","Gaussian","BinAR",2,"23286","5000X20","Variances.LOGV","stdyx",1,0,0,1,1,FALSE,"Between"
"201","Chi2","BinAR",2,"23293","2000X5","X.WITH.PHI","unstd",0.047,0.027,0.035,-0.004,0.104,FALSE,"Between"
"202","Chi2","BinAR",2,"23293","2000X5","X.WITH.LOGV","unstd",1.11,0.244,0,0.708,1.66,TRUE,"Between"
"203","Chi2","BinAR",2,"23293","2000X5","PHI.WITH.LOGV","unstd",0.011,0.011,0.162,-0.01,0.035,FALSE,"Between"
"204","Chi2","BinAR",2,"23293","2000X5","Means.X","unstd",2.78,0.225,0,2.34,3.221,TRUE,"Between"
"205","Chi2","BinAR",2,"23293","2000X5","Means.PHI","unstd",0.397,0.011,0,0.375,0.417,TRUE,"Between"
"206","Chi2","BinAR",2,"23293","2000X5","Means.LOGV","unstd",0.052,0.093,0.289,-0.133,0.229,FALSE,"Between"
"207","Chi2","BinAR",2,"23293","2000X5","Variances.X","unstd",4.968,0.758,0,3.753,6.699,TRUE,"Between"
"208","Chi2","BinAR",2,"23293","2000X5","Variances.PHI","unstd",0.003,0.002,0,0.001,0.007,TRUE,"Between"
"209","Chi2","BinAR",2,"23293","2000X5","Variances.LOGV","unstd",0.819,0.127,0,0.613,1.125,TRUE,"Between"
"210","Chi2","BinAR",2,"23293","2000X5","PHI|X.ON.X&1","stdyx",0.397,0.009,0,0.377,0.415,TRUE,"Within.Std.Averaged.Over.Clusters"
"211","Chi2","BinAR",2,"23293","2000X5","LOGV.|.X","stdyx",0.84,0.007,0,0.824,0.854,TRUE,"Within.Std.Averaged.Over.Clusters"
"212","Chi2","BinAR",2,"23293","2000X5","X.WITH.PHI","stdyx",0.378,0.198,0.035,-0.029,0.756,FALSE,"Between"
"213","Chi2","BinAR",2,"23293","2000X5","X.WITH.LOGV","stdyx",0.553,0.073,0,0.396,0.683,TRUE,"Between"
"214","Chi2","BinAR",2,"23293","2000X5","PHI.WITH.LOGV","stdyx",0.214,0.207,0.162,-0.193,0.622,FALSE,"Between"
"215","Chi2","BinAR",2,"23293","2000X5","Means.X","stdyx",1.245,0.136,0,0.986,1.52,TRUE,"Between"
"216","Chi2","BinAR",2,"23293","2000X5","Means.PHI","stdyx",7.039,1.826,0,4.633,11.656,TRUE,"Between"
"217","Chi2","BinAR",2,"23293","2000X5","Means.LOGV","stdyx",0.058,0.102,0.289,-0.143,0.256,FALSE,"Between"
"218","Chi2","BinAR",2,"23293","2000X5","Variances.X","stdyx",1,0,0,1,1,FALSE,"Between"
"219","Chi2","BinAR",2,"23293","2000X5","Variances.PHI","stdyx",1,0,0,1,1,FALSE,"Between"
"220","Chi2","BinAR",2,"23293","2000X5","Variances.LOGV","stdyx",1,0,0,1,1,FALSE,"Between"
"221","Chi2","BinAR",2,"23293","5000X20","X.WITH.PHI","unstd",0.047,0.027,0.03,-0.001,0.106,FALSE,"Between"
"222","Chi2","BinAR",2,"23293","5000X20","X.WITH.LOGV","unstd",1.117,0.255,0,0.709,1.72,TRUE,"Between"
"223","Chi2","BinAR",2,"23293","5000X20","PHI.WITH.LOGV","unstd",0.011,0.011,0.142,-0.01,0.035,FALSE,"Between"
"224","Chi2","BinAR",2,"23293","5000X20","Means.X","unstd",2.778,0.226,0,2.328,3.209,TRUE,"Between"
"225","Chi2","BinAR",2,"23293","5000X20","Means.PHI","unstd",0.397,0.011,0,0.374,0.419,TRUE,"Between"
"226","Chi2","BinAR",2,"23293","5000X20","Means.LOGV","unstd",0.054,0.094,0.288,-0.137,0.231,FALSE,"Between"
"227","Chi2","BinAR",2,"23293","5000X20","Variances.X","unstd",4.968,0.763,0,3.765,6.739,TRUE,"Between"
"228","Chi2","BinAR",2,"23293","5000X20","Variances.PHI","unstd",0.003,0.002,0,0.001,0.007,TRUE,"Between"
"229","Chi2","BinAR",2,"23293","5000X20","Variances.LOGV","unstd",0.823,0.132,0,0.62,1.13,TRUE,"Between"
"230","Chi2","BinAR",2,"23293","5000X20","PHI|X.ON.X&1","stdyx",0.396,0.009,0,0.378,0.415,TRUE,"Within.Std.Averaged.Over.Clusters"
"231","Chi2","BinAR",2,"23293","5000X20","LOGV.|.X","stdyx",0.84,0.007,0,0.825,0.854,TRUE,"Within.Std.Averaged.Over.Clusters"
"232","Chi2","BinAR",2,"23293","5000X20","X.WITH.PHI","stdyx",0.38,0.194,0.03,-0.011,0.748,FALSE,"Between"
"233","Chi2","BinAR",2,"23293","5000X20","X.WITH.LOGV","stdyx",0.555,0.074,0,0.398,0.687,TRUE,"Between"
"234","Chi2","BinAR",2,"23293","5000X20","PHI.WITH.LOGV","stdyx",0.222,0.207,0.142,-0.205,0.61,FALSE,"Between"
"235","Chi2","BinAR",2,"23293","5000X20","Means.X","stdyx",1.245,0.136,0,0.977,1.511,TRUE,"Between"
"236","Chi2","BinAR",2,"23293","5000X20","Means.PHI","stdyx",6.883,1.883,0,4.536,11.739,TRUE,"Between"
"237","Chi2","BinAR",2,"23293","5000X20","Means.LOGV","stdyx",0.059,0.103,0.288,-0.148,0.256,FALSE,"Between"
"238","Chi2","BinAR",2,"23293","5000X20","Variances.X","stdyx",1,0,0,1,1,FALSE,"Between"
"239","Chi2","BinAR",2,"23293","5000X20","Variances.PHI","stdyx",1,0,0,1,1,FALSE,"Between"
"240","Chi2","BinAR",2,"23293","5000X20","Variances.LOGV","stdyx",1,0,0,1,1,FALSE,"Between"
"241","Gaussian","Chi2AR",2,"23297","2000X5","X.WITH.PHI","unstd",0.033,0.035,0.175,-0.033,0.106,FALSE,"Between"
"242","Gaussian","Chi2AR",2,"23297","2000X5","X.WITH.LOGV","unstd",1.058,0.172,0,0.772,1.446,TRUE,"Between"
"243","Gaussian","Chi2AR",2,"23297","2000X5","PHI.WITH.LOGV","unstd",0.002,0.004,0.282,-0.006,0.011,FALSE,"Between"
"244","Gaussian","Chi2AR",2,"23297","2000X5","Means.X","unstd",10.343,0.318,0,9.723,10.951,TRUE,"Between"
"245","Gaussian","Chi2AR",2,"23297","2000X5","Means.PHI","unstd",0.399,0.011,0,0.379,0.42,TRUE,"Between"
"246","Gaussian","Chi2AR",2,"23297","2000X5","Means.LOGV","unstd",2.484,0.039,0,2.405,2.557,TRUE,"Between"
"247","Gaussian","Chi2AR",2,"23297","2000X5","Variances.X","unstd",9.49,1.485,0,7.123,12.989,TRUE,"Between"
"248","Gaussian","Chi2AR",2,"23297","2000X5","Variances.PHI","unstd",0.002,0.001,0,0.001,0.005,TRUE,"Between"
"249","Gaussian","Chi2AR",2,"23297","2000X5","Variances.LOGV","unstd",0.131,0.023,0,0.094,0.184,TRUE,"Between"
"250","Gaussian","Chi2AR",2,"23297","2000X5","PHI|X.ON.X&1","stdyx",0.399,0.009,0,0.381,0.418,TRUE,"Within.Std.Averaged.Over.Clusters"
"251","Gaussian","Chi2AR",2,"23297","2000X5","LOGV.|.X","stdyx",0.838,0.008,0,0.823,0.853,TRUE,"Within.Std.Averaged.Over.Clusters"
"252","Gaussian","Chi2AR",2,"23297","2000X5","X.WITH.PHI","stdyx",0.229,0.228,0.175,-0.229,0.645,FALSE,"Between"
"253","Gaussian","Chi2AR",2,"23297","2000X5","X.WITH.LOGV","stdyx",0.948,0.022,0,0.899,0.981,TRUE,"Between"
"254","Gaussian","Chi2AR",2,"23297","2000X5","PHI.WITH.LOGV","stdyx",0.146,0.249,0.282,-0.349,0.629,FALSE,"Between"
"255","Gaussian","Chi2AR",2,"23297","2000X5","Means.X","stdyx",3.354,0.272,0,2.847,3.894,TRUE,"Between"
"256","Gaussian","Chi2AR",2,"23297","2000X5","Means.PHI","stdyx",8.539,2.028,0,5.476,13.143,TRUE,"Between"
"257","Gaussian","Chi2AR",2,"23297","2000X5","Means.LOGV","stdyx",6.849,0.61,0,5.757,8.141,TRUE,"Between"
"258","Gaussian","Chi2AR",2,"23297","2000X5","Variances.X","stdyx",1,0,0,1,1,FALSE,"Between"
"259","Gaussian","Chi2AR",2,"23297","2000X5","Variances.PHI","stdyx",1,0,0,1,1,FALSE,"Between"
"260","Gaussian","Chi2AR",2,"23297","2000X5","Variances.LOGV","stdyx",1,0,0,1,1,FALSE,"Between"
"261","Gaussian","Chi2AR",2,"23297","5000X20","X.WITH.PHI","unstd",0.034,0.036,0.156,-0.036,0.108,FALSE,"Between"
"262","Gaussian","Chi2AR",2,"23297","5000X20","X.WITH.LOGV","unstd",1.062,0.179,0,0.78,1.475,TRUE,"Between"
"263","Gaussian","Chi2AR",2,"23297","5000X20","PHI.WITH.LOGV","unstd",0.002,0.005,0.287,-0.007,0.011,FALSE,"Between"
"264","Gaussian","Chi2AR",2,"23297","5000X20","Means.X","unstd",10.341,0.319,0,9.707,10.972,TRUE,"Between"
"265","Gaussian","Chi2AR",2,"23297","5000X20","Means.PHI","unstd",0.4,0.011,0,0.379,0.421,TRUE,"Between"
"266","Gaussian","Chi2AR",2,"23297","5000X20","Means.LOGV","unstd",2.484,0.04,0,2.406,2.562,TRUE,"Between"
"267","Gaussian","Chi2AR",2,"23297","5000X20","Variances.X","unstd",9.532,1.548,0,7.156,13.119,TRUE,"Between"
"268","Gaussian","Chi2AR",2,"23297","5000X20","Variances.PHI","unstd",0.002,0.001,0,0.001,0.006,TRUE,"Between"
"269","Gaussian","Chi2AR",2,"23297","5000X20","Variances.LOGV","unstd",0.132,0.024,0,0.094,0.187,TRUE,"Between"
"270","Gaussian","Chi2AR",2,"23297","5000X20","PHI|X.ON.X&1","stdyx",0.399,0.009,0,0.381,0.419,TRUE,"Within.Std.Averaged.Over.Clusters"
"271","Gaussian","Chi2AR",2,"23297","5000X20","LOGV.|.X","stdyx",0.838,0.008,0,0.822,0.852,TRUE,"Within.Std.Averaged.Over.Clusters"
"272","Gaussian","Chi2AR",2,"23297","5000X20","X.WITH.PHI","stdyx",0.237,0.227,0.156,-0.25,0.651,FALSE,"Between"
"273","Gaussian","Chi2AR",2,"23297","5000X20","X.WITH.LOGV","stdyx",0.949,0.023,0,0.892,0.984,TRUE,"Between"
"274","Gaussian","Chi2AR",2,"23297","5000X20","PHI.WITH.LOGV","stdyx",0.148,0.247,0.287,-0.357,0.614,FALSE,"Between"
"275","Gaussian","Chi2AR",2,"23297","5000X20","Means.X","stdyx",3.346,0.279,0,2.816,3.907,TRUE,"Between"
"276","Gaussian","Chi2AR",2,"23297","5000X20","Means.PHI","stdyx",8.287,2.065,0,5.336,13.149,TRUE,"Between"
"277","Gaussian","Chi2AR",2,"23297","5000X20","Means.LOGV","stdyx",6.847,0.614,0,5.713,8.129,TRUE,"Between"
"278","Gaussian","Chi2AR",2,"23297","5000X20","Variances.X","stdyx",1,0,0,1,1,FALSE,"Between"
"279","Gaussian","Chi2AR",2,"23297","5000X20","Variances.PHI","stdyx",1,0,0,1,1,FALSE,"Between"
"280","Gaussian","Chi2AR",2,"23297","5000X20","Variances.LOGV","stdyx",1,0,0,1,1,FALSE,"Between"
"281","Chi2","Chi2AR",2,"23304","2000X5","X.WITH.PHI","unstd",0.001,0.032,0.486,-0.059,0.065,FALSE,"Between"
"282","Chi2","Chi2AR",2,"23304","2000X5","X.WITH.LOGV","unstd",1.747,0.282,0,1.297,2.417,TRUE,"Between"
"283","Chi2","Chi2AR",2,"23304","2000X5","PHI.WITH.LOGV","unstd",0,0.008,0.495,-0.016,0.015,FALSE,"Between"
"284","Chi2","Chi2AR",2,"23304","2000X5","Means.X","unstd",4.991,0.3,0,4.405,5.591,TRUE,"Between"
"285","Chi2","Chi2AR",2,"23304","2000X5","Means.PHI","unstd",0.403,0.01,0,0.382,0.422,TRUE,"Between"
"286","Chi2","Chi2AR",2,"23304","2000X5","Means.LOGV","unstd",1.577,0.07,0,1.438,1.713,TRUE,"Between"
"287","Chi2","Chi2AR",2,"23304","2000X5","Variances.X","unstd",8.428,1.293,0,6.361,11.431,TRUE,"Between"
"288","Chi2","Chi2AR",2,"23304","2000X5","Variances.PHI","unstd",0.002,0.001,0,0.001,0.004,TRUE,"Between"
"289","Chi2","Chi2AR",2,"23304","2000X5","Variances.LOGV","unstd",0.457,0.073,0,0.342,0.625,TRUE,"Between"
"290","Chi2","Chi2AR",2,"23304","2000X5","PHI|X.ON.X&1","stdyx",0.403,0.009,0,0.384,0.42,TRUE,"Within.Std.Averaged.Over.Clusters"
"291","Chi2","Chi2AR",2,"23304","2000X5","LOGV.|.X","stdyx",0.836,0.007,0,0.822,0.851,TRUE,"Within.Std.Averaged.Over.Clusters"
"292","Chi2","Chi2AR",2,"23304","2000X5","X.WITH.PHI","stdyx",0.01,0.258,0.486,-0.488,0.501,FALSE,"Between"
"293","Chi2","Chi2AR",2,"23304","2000X5","X.WITH.LOGV","stdyx",0.89,0.025,0,0.831,0.93,TRUE,"Between"
"294","Chi2","Chi2AR",2,"23304","2000X5","PHI.WITH.LOGV","stdyx",-0.004,0.269,0.495,-0.523,0.512,FALSE,"Between"
"295","Chi2","Chi2AR",2,"23304","2000X5","Means.X","stdyx",1.72,0.161,0,1.41,2.048,TRUE,"Between"
"296","Chi2","Chi2AR",2,"23304","2000X5","Means.PHI","stdyx",10.187,2.039,0,6.617,14.343,TRUE,"Between"
"297","Chi2","Chi2AR",2,"23304","2000X5","Means.LOGV","stdyx",2.332,0.207,0,1.944,2.758,TRUE,"Between"
"298","Chi2","Chi2AR",2,"23304","2000X5","Variances.X","stdyx",1,0,0,1,1,FALSE,"Between"
"299","Chi2","Chi2AR",2,"23304","2000X5","Variances.PHI","stdyx",1,0,0,1,1,FALSE,"Between"
"300","Chi2","Chi2AR",2,"23304","2000X5","Variances.LOGV","stdyx",1,0,0,1,1,FALSE,"Between"
"301","Chi2","Chi2AR",2,"23304","5000X20","X.WITH.PHI","unstd",0.002,0.033,0.472,-0.063,0.068,FALSE,"Between"
"302","Chi2","Chi2AR",2,"23304","5000X20","X.WITH.LOGV","unstd",1.763,0.297,0,1.3,2.428,TRUE,"Between"
"303","Chi2","Chi2AR",2,"23304","5000X20","PHI.WITH.LOGV","unstd",0,0.008,0.495,-0.015,0.016,FALSE,"Between"
"304","Chi2","Chi2AR",2,"23304","5000X20","Means.X","unstd",4.995,0.297,0,4.416,5.584,TRUE,"Between"
"305","Chi2","Chi2AR",2,"23304","5000X20","Means.PHI","unstd",0.403,0.01,0,0.383,0.423,TRUE,"Between"
"306","Chi2","Chi2AR",2,"23304","5000X20","Means.LOGV","unstd",1.577,0.071,0,1.438,1.714,TRUE,"Between"
"307","Chi2","Chi2AR",2,"23304","5000X20","Variances.X","unstd",8.514,1.365,0,6.386,11.701,TRUE,"Between"
"308","Chi2","Chi2AR",2,"23304","5000X20","Variances.PHI","unstd",0.002,0.001,0,0.001,0.004,TRUE,"Between"
"309","Chi2","Chi2AR",2,"23304","5000X20","Variances.LOGV","unstd",0.46,0.075,0,0.345,0.636,TRUE,"Between"
"310","Chi2","Chi2AR",2,"23304","5000X20","PHI|X.ON.X&1","stdyx",0.403,0.009,0,0.384,0.421,TRUE,"Within.Std.Averaged.Over.Clusters"
"311","Chi2","Chi2AR",2,"23304","5000X20","LOGV.|.X","stdyx",0.836,0.008,0,0.82,0.851,TRUE,"Within.Std.Averaged.Over.Clusters"
"312","Chi2","Chi2AR",2,"23304","5000X20","X.WITH.PHI","stdyx",0.02,0.269,0.472,-0.505,0.534,FALSE,"Between"
"313","Chi2","Chi2AR",2,"23304","5000X20","X.WITH.LOGV","stdyx",0.892,0.026,0,0.831,0.932,TRUE,"Between"
"314","Chi2","Chi2AR",2,"23304","5000X20","PHI.WITH.LOGV","stdyx",-0.004,0.276,0.495,-0.537,0.538,FALSE,"Between"
"315","Chi2","Chi2AR",2,"23304","5000X20","Means.X","stdyx",1.715,0.164,0,1.391,2.041,TRUE,"Between"
"316","Chi2","Chi2AR",2,"23304","5000X20","Means.PHI","stdyx",10.075,2.06,0,6.438,14.205,TRUE,"Between"
"317","Chi2","Chi2AR",2,"23304","5000X20","Means.LOGV","stdyx",2.327,0.211,0,1.924,2.745,TRUE,"Between"
"318","Chi2","Chi2AR",2,"23304","5000X20","Variances.X","stdyx",1,0,0,1,1,FALSE,"Between"
"319","Chi2","Chi2AR",2,"23304","5000X20","Variances.PHI","stdyx",1,0,0,1,1,FALSE,"Between"
"320","Chi2","Chi2AR",2,"23304","5000X20","Variances.LOGV","stdyx",1,0,0,1,1,FALSE,"Between"
"321","Gaussian","BinAR",3,"33286","2000X5","X.WITH.PHI","unstd",-0.081,0.02,0,-0.126,-0.048,TRUE,"Between"
"322","Gaussian","BinAR",3,"33286","2000X5","X.WITH.LOGV","unstd",1.15,0.182,0,0.852,1.559,TRUE,"Between"
"323","Gaussian","BinAR",3,"33286","2000X5","PHI.WITH.LOGV","unstd",-0.049,0.009,0,-0.069,-0.033,TRUE,"Between"
"324","Gaussian","BinAR",3,"33286","2000X5","Means.X","unstd",1.907,0.154,0,1.616,2.212,TRUE,"Between"
"325","Gaussian","BinAR",3,"33286","2000X5","Means.PHI","unstd",0.416,0.013,0,0.39,0.44,TRUE,"Between"
"326","Gaussian","BinAR",3,"33286","2000X5","Means.LOGV","unstd",0.148,0.08,0.027,-0.003,0.311,FALSE,"Between"
"327","Gaussian","BinAR",3,"33286","2000X5","Variances.X","unstd",2.266,0.415,0,1.604,3.249,TRUE,"Between"
"328","Gaussian","BinAR",3,"33286","2000X5","Variances.PHI","unstd",0.008,0.002,0,0.005,0.012,TRUE,"Between"
"329","Gaussian","BinAR",3,"33286","2000X5","Variances.LOGV","unstd",0.604,0.092,0,0.456,0.816,TRUE,"Between"
"330","Gaussian","BinAR",3,"33286","2000X5","PHI|X.ON.X&1","stdyx",0.415,0.009,0,0.397,0.433,TRUE,"Within.Std.Averaged.Over.Clusters"
"331","Gaussian","BinAR",3,"33286","2000X5","LOGV.|.X","stdyx",0.82,0.007,0,0.806,0.835,TRUE,"Within.Std.Averaged.Over.Clusters"
"332","Gaussian","BinAR",3,"33286","2000X5","X.WITH.PHI","stdyx",-0.624,0.113,0,-0.817,-0.387,TRUE,"Between"
"333","Gaussian","BinAR",3,"33286","2000X5","X.WITH.LOGV","stdyx",0.983,0.008,0,0.963,0.994,TRUE,"Between"
"334","Gaussian","BinAR",3,"33286","2000X5","PHI.WITH.LOGV","stdyx",-0.727,0.095,0,-0.885,-0.508,TRUE,"Between"
"335","Gaussian","BinAR",3,"33286","2000X5","Means.X","stdyx",1.273,0.154,0,0.98,1.58,TRUE,"Between"
"336","Gaussian","BinAR",3,"33286","2000X5","Means.PHI","stdyx",4.749,0.538,0,3.733,5.807,TRUE,"Between"
"337","Gaussian","BinAR",3,"33286","2000X5","Means.LOGV","stdyx",0.191,0.103,0.027,-0.004,0.395,FALSE,"Between"
"338","Gaussian","BinAR",3,"33286","2000X5","Variances.X","stdyx",1,0,0,1,1,FALSE,"Between"
"339","Gaussian","BinAR",3,"33286","2000X5","Variances.PHI","stdyx",1,0,0,1,1,FALSE,"Between"
"340","Gaussian","BinAR",3,"33286","2000X5","Variances.LOGV","stdyx",1,0,0,1,1,FALSE,"Between"
"341","Gaussian","BinAR",3,"33286","5000X20",NA,NA,NA,NA,NA,NA,NA,NA,NA
"342","Chi2","BinAR",3,"33293","2000X5","X.WITH.PHI","unstd",-0.027,0.025,0.136,-0.075,0.023,FALSE,"Between"
"343","Chi2","BinAR",3,"33293","2000X5","X.WITH.LOGV","unstd",0.896,0.18,0,0.613,1.315,TRUE,"Between"
"344","Chi2","BinAR",3,"33293","2000X5","PHI.WITH.LOGV","unstd",-0.011,0.009,0.091,-0.03,0.006,FALSE,"Between"
"345","Chi2","BinAR",3,"33293","2000X5","Means.X","unstd",2.665,0.208,0,2.268,3.079,TRUE,"Between"
"346","Chi2","BinAR",3,"33293","2000X5","Means.PHI","unstd",0.388,0.011,0,0.365,0.409,TRUE,"Between"
"347","Chi2","BinAR",3,"33293","2000X5","Means.LOGV","unstd",0.116,0.073,0.052,-0.027,0.26,FALSE,"Between"
"348","Chi2","BinAR",3,"33293","2000X5","Variances.X","unstd",4.089,0.62,0,3.153,5.568,TRUE,"Between"
"349","Chi2","BinAR",3,"33293","2000X5","Variances.PHI","unstd",0.004,0.002,0,0.001,0.008,TRUE,"Between"
"350","Chi2","BinAR",3,"33293","2000X5","Variances.LOGV","unstd",0.502,0.079,0,0.374,0.686,TRUE,"Between"
"351","Chi2","BinAR",3,"33293","2000X5","PHI|X.ON.X&1","stdyx",0.388,0.01,0,0.369,0.406,TRUE,"Within.Std.Averaged.Over.Clusters"
"352","Chi2","BinAR",3,"33293","2000X5","LOGV.|.X","stdyx",0.846,0.007,0,0.832,0.861,TRUE,"Within.Std.Averaged.Over.Clusters"
"353","Chi2","BinAR",3,"33293","2000X5","X.WITH.PHI","stdyx",-0.232,0.204,0.136,-0.619,0.185,FALSE,"Between"
"354","Chi2","BinAR",3,"33293","2000X5","X.WITH.LOGV","stdyx",0.629,0.064,0,0.49,0.743,TRUE,"Between"
"355","Chi2","BinAR",3,"33293","2000X5","PHI.WITH.LOGV","stdyx",-0.281,0.202,0.091,-0.659,0.142,FALSE,"Between"
"356","Chi2","BinAR",3,"33293","2000X5","Means.X","stdyx",1.319,0.14,0,1.051,1.595,TRUE,"Between"
"357","Chi2","BinAR",3,"33293","2000X5","Means.PHI","stdyx",6.495,1.729,0,4.248,10.934,TRUE,"Between"
"358","Chi2","BinAR",3,"33293","2000X5","Means.LOGV","stdyx",0.164,0.103,0.052,-0.037,0.368,FALSE,"Between"
"359","Chi2","BinAR",3,"33293","2000X5","Variances.X","stdyx",1,0,0,1,1,FALSE,"Between"
"360","Chi2","BinAR",3,"33293","2000X5","Variances.PHI","stdyx",1,0,0,1,1,FALSE,"Between"
"361","Chi2","BinAR",3,"33293","2000X5","Variances.LOGV","stdyx",1,0,0,1,1,FALSE,"Between"
"362","Chi2","BinAR",3,"33293","5000X20","X.WITH.PHI","unstd",-0.026,0.025,0.138,-0.077,0.021,FALSE,"Between"
"363","Chi2","BinAR",3,"33293","5000X20","X.WITH.LOGV","unstd",0.907,0.188,0,0.605,1.336,TRUE,"Between"
"364","Chi2","BinAR",3,"33293","5000X20","PHI.WITH.LOGV","unstd",-0.011,0.009,0.092,-0.03,0.006,FALSE,"Between"
"365","Chi2","BinAR",3,"33293","5000X20","Means.X","unstd",2.669,0.205,0,2.277,3.074,TRUE,"Between"
"366","Chi2","BinAR",3,"33293","5000X20","Means.PHI","unstd",0.388,0.011,0,0.366,0.41,TRUE,"Between"
"367","Chi2","BinAR",3,"33293","5000X20","Means.LOGV","unstd",0.116,0.074,0.057,-0.029,0.258,FALSE,"Between"
"368","Chi2","BinAR",3,"33293","5000X20","Variances.X","unstd",4.126,0.635,0,3.099,5.602,TRUE,"Between"
"369","Chi2","BinAR",3,"33293","5000X20","Variances.PHI","unstd",0.004,0.002,0,0.001,0.008,TRUE,"Between"
"370","Chi2","BinAR",3,"33293","5000X20","Variances.LOGV","unstd",0.505,0.082,0,0.377,0.694,TRUE,"Between"
"371","Chi2","BinAR",3,"33293","5000X20","PHI|X.ON.X&1","stdyx",0.388,0.009,0,0.369,0.406,TRUE,"Within.Std.Averaged.Over.Clusters"
"372","Chi2","BinAR",3,"33293","5000X20","LOGV.|.X","stdyx",0.846,0.007,0,0.831,0.86,TRUE,"Within.Std.Averaged.Over.Clusters"
"373","Chi2","BinAR",3,"33293","5000X20","X.WITH.PHI","stdyx",-0.222,0.199,0.138,-0.609,0.172,FALSE,"Between"
"374","Chi2","BinAR",3,"33293","5000X20","X.WITH.LOGV","stdyx",0.632,0.065,0,0.491,0.745,TRUE,"Between"
"375","Chi2","BinAR",3,"33293","5000X20","PHI.WITH.LOGV","stdyx",-0.268,0.199,0.092,-0.648,0.132,FALSE,"Between"
"376","Chi2","BinAR",3,"33293","5000X20","Means.X","stdyx",1.314,0.139,0,1.051,1.597,TRUE,"Between"
"377","Chi2","BinAR",3,"33293","5000X20","Means.PHI","stdyx",6.286,1.695,0,4.237,10.883,TRUE,"Between"
"378","Chi2","BinAR",3,"33293","5000X20","Means.LOGV","stdyx",0.163,0.104,0.057,-0.041,0.366,FALSE,"Between"
"379","Chi2","BinAR",3,"33293","5000X20","Variances.X","stdyx",1,0,0,1,1,FALSE,"Between"
"380","Chi2","BinAR",3,"33293","5000X20","Variances.PHI","stdyx",1,0,0,1,1,FALSE,"Between"
"381","Chi2","BinAR",3,"33293","5000X20","Variances.LOGV","stdyx",1,0,0,1,1,FALSE,"Between"
"382","Gaussian","Chi2AR",3,"33297","2000X5","X.WITH.PHI","unstd",0.006,0.037,0.442,-0.068,0.081,FALSE,"Between"
"383","Gaussian","Chi2AR",3,"33297","2000X5","X.WITH.LOGV","unstd",1.461,0.232,0,1.083,1.996,TRUE,"Between"
"384","Gaussian","Chi2AR",3,"33297","2000X5","PHI.WITH.LOGV","unstd",0.001,0.005,0.4,-0.008,0.011,FALSE,"Between"
"385","Gaussian","Chi2AR",3,"33297","2000X5","Means.X","unstd",10.262,0.351,0,9.57,10.952,TRUE,"Between"
"386","Gaussian","Chi2AR",3,"33297","2000X5","Means.PHI","unstd",0.381,0.01,0,0.361,0.401,TRUE,"Between"
"387","Gaussian","Chi2AR",3,"33297","2000X5","Means.LOGV","unstd",2.417,0.047,0,2.326,2.509,TRUE,"Between"
"388","Gaussian","Chi2AR",3,"33297","2000X5","Variances.X","unstd",11.676,1.796,0,8.83,15.835,TRUE,"Between"
"389","Gaussian","Chi2AR",3,"33297","2000X5","Variances.PHI","unstd",0.002,0.001,0,0.001,0.004,TRUE,"Between"
"390","Gaussian","Chi2AR",3,"33297","2000X5","Variances.LOGV","unstd",0.195,0.033,0,0.141,0.27,TRUE,"Between"
"391","Gaussian","Chi2AR",3,"33297","2000X5","PHI|X.ON.X&1","stdyx",0.382,0.009,0,0.363,0.4,TRUE,"Within.Std.Averaged.Over.Clusters"
"392","Gaussian","Chi2AR",3,"33297","2000X5","LOGV.|.X","stdyx",0.853,0.007,0,0.839,0.867,TRUE,"Within.Std.Averaged.Over.Clusters"
"393","Gaussian","Chi2AR",3,"33297","2000X5","X.WITH.PHI","stdyx",0.04,0.259,0.442,-0.467,0.542,FALSE,"Between"
"394","Gaussian","Chi2AR",3,"33297","2000X5","X.WITH.LOGV","stdyx",0.971,0.014,0,0.936,0.992,TRUE,"Between"
"395","Gaussian","Chi2AR",3,"33297","2000X5","PHI.WITH.LOGV","stdyx",0.08,0.266,0.4,-0.454,0.554,FALSE,"Between"
"396","Gaussian","Chi2AR",3,"33297","2000X5","Means.X","stdyx",3.003,0.245,0,2.531,3.505,TRUE,"Between"
"397","Gaussian","Chi2AR",3,"33297","2000X5","Means.PHI","stdyx",9.635,1.925,0,6.15,13.41,TRUE,"Between"
"398","Gaussian","Chi2AR",3,"33297","2000X5","Means.LOGV","stdyx",5.48,0.465,0,4.608,6.412,TRUE,"Between"
"399","Gaussian","Chi2AR",3,"33297","2000X5","Variances.X","stdyx",1,0,0,1,1,FALSE,"Between"
"400","Gaussian","Chi2AR",3,"33297","2000X5","Variances.PHI","stdyx",1,0,0,1,1,FALSE,"Between"
"401","Gaussian","Chi2AR",3,"33297","2000X5","Variances.LOGV","stdyx",1,0,0,1,1,FALSE,"Between"
"402","Gaussian","Chi2AR",3,"33297","5000X20","X.WITH.PHI","unstd",0.007,0.04,0.428,-0.072,0.085,FALSE,"Between"
"403","Gaussian","Chi2AR",3,"33297","5000X20","X.WITH.LOGV","unstd",1.468,0.241,0,1.093,2.03,TRUE,"Between"
"404","Gaussian","Chi2AR",3,"33297","5000X20","PHI.WITH.LOGV","unstd",0.001,0.005,0.395,-0.009,0.012,FALSE,"Between"
"405","Gaussian","Chi2AR",3,"33297","5000X20","Means.X","unstd",10.266,0.352,0,9.575,10.955,TRUE,"Between"
"406","Gaussian","Chi2AR",3,"33297","5000X20","Means.PHI","unstd",0.382,0.01,0,0.361,0.402,TRUE,"Between"
"407","Gaussian","Chi2AR",3,"33297","5000X20","Means.LOGV","unstd",2.417,0.047,0,2.326,2.509,TRUE,"Between"
"408","Gaussian","Chi2AR",3,"33297","5000X20","Variances.X","unstd",11.775,1.886,0,8.803,16.057,TRUE,"Between"
"409","Gaussian","Chi2AR",3,"33297","5000X20","Variances.PHI","unstd",0.002,0.001,0,0.001,0.004,TRUE,"Between"
"410","Gaussian","Chi2AR",3,"33297","5000X20","Variances.LOGV","unstd",0.194,0.034,0,0.14,0.272,TRUE,"Between"
"411","Gaussian","Chi2AR",3,"33297","5000X20","PHI|X.ON.X&1","stdyx",0.381,0.009,0,0.362,0.4,TRUE,"Within.Std.Averaged.Over.Clusters"
"412","Gaussian","Chi2AR",3,"33297","5000X20","LOGV.|.X","stdyx",0.853,0.007,0,0.838,0.867,TRUE,"Within.Std.Averaged.Over.Clusters"
"413","Gaussian","Chi2AR",3,"33297","5000X20","X.WITH.PHI","stdyx",0.05,0.268,0.428,-0.483,0.556,FALSE,"Between"
"414","Gaussian","Chi2AR",3,"33297","5000X20","X.WITH.LOGV","stdyx",0.972,0.015,0,0.937,0.993,TRUE,"Between"
"415","Gaussian","Chi2AR",3,"33297","5000X20","PHI.WITH.LOGV","stdyx",0.08,0.276,0.395,-0.477,0.598,FALSE,"Between"
"416","Gaussian","Chi2AR",3,"33297","5000X20","Means.X","stdyx",2.991,0.252,0,2.514,3.501,TRUE,"Between"
"417","Gaussian","Chi2AR",3,"33297","5000X20","Means.PHI","stdyx",9.403,1.95,0,6.035,13.363,TRUE,"Between"
"418","Gaussian","Chi2AR",3,"33297","5000X20","Means.LOGV","stdyx",5.495,0.476,0,4.603,6.477,TRUE,"Between"
"419","Gaussian","Chi2AR",3,"33297","5000X20","Variances.X","stdyx",1,0,0,1,1,FALSE,"Between"
"420","Gaussian","Chi2AR",3,"33297","5000X20","Variances.PHI","stdyx",1,0,0,1,1,FALSE,"Between"
"421","Gaussian","Chi2AR",3,"33297","5000X20","Variances.LOGV","stdyx",1,0,0,1,1,FALSE,"Between"
"422","Chi2","Chi2AR",3,"33304","2000X5","X.WITH.PHI","unstd",0.003,0.04,0.469,-0.072,0.082,FALSE,"Between"
"423","Chi2","Chi2AR",3,"33304","2000X5","X.WITH.LOGV","unstd",2.512,0.404,0,1.866,3.44,TRUE,"Between"
"424","Chi2","Chi2AR",3,"33304","2000X5","PHI.WITH.LOGV","unstd",-0.001,0.009,0.472,-0.018,0.018,FALSE,"Between"
"425","Chi2","Chi2AR",3,"33304","2000X5","Means.X","unstd",5.064,0.361,0,4.39,5.78,TRUE,"Between"
"426","Chi2","Chi2AR",3,"33304","2000X5","Means.PHI","unstd",0.399,0.01,0,0.379,0.419,TRUE,"Between"
"427","Chi2","Chi2AR",3,"33304","2000X5","Means.LOGV","unstd",1.523,0.083,0,1.363,1.687,TRUE,"Between"
"428","Chi2","Chi2AR",3,"33304","2000X5","Variances.X","unstd",12.387,1.874,0,9.487,16.732,TRUE,"Between"
"429","Chi2","Chi2AR",3,"33304","2000X5","Variances.PHI","unstd",0.002,0.001,0,0.001,0.004,TRUE,"Between"
"430","Chi2","Chi2AR",3,"33304","2000X5","Variances.LOGV","unstd",0.65,0.101,0,0.483,0.885,TRUE,"Between"
"431","Chi2","Chi2AR",3,"33304","2000X5","PHI|X.ON.X&1","stdyx",0.399,0.009,0,0.381,0.418,TRUE,"Within.Std.Averaged.Over.Clusters"
"432","Chi2","Chi2AR",3,"33304","2000X5","LOGV.|.X","stdyx",0.839,0.008,0,0.824,0.853,TRUE,"Within.Std.Averaged.Over.Clusters"
"433","Chi2","Chi2AR",3,"33304","2000X5","X.WITH.PHI","stdyx",0.023,0.28,0.469,-0.506,0.548,FALSE,"Between"
"434","Chi2","Chi2AR",3,"33304","2000X5","X.WITH.LOGV","stdyx",0.885,0.025,0,0.827,0.926,TRUE,"Between"
"435","Chi2","Chi2AR",3,"33304","2000X5","PHI.WITH.LOGV","stdyx",-0.023,0.287,0.472,-0.584,0.528,FALSE,"Between"
"436","Chi2","Chi2AR",3,"33304","2000X5","Means.X","stdyx",1.436,0.144,0,1.165,1.72,TRUE,"Between"
"437","Chi2","Chi2AR",3,"33304","2000X5","Means.PHI","stdyx",10.257,2.016,0,6.597,14.282,TRUE,"Between"
"438","Chi2","Chi2AR",3,"33304","2000X5","Means.LOGV","stdyx",1.889,0.177,0,1.557,2.25,TRUE,"Between"
"439","Chi2","Chi2AR",3,"33304","2000X5","Variances.X","stdyx",1,0,0,1,1,FALSE,"Between"
"440","Chi2","Chi2AR",3,"33304","2000X5","Variances.PHI","stdyx",1,0,0,1,1,FALSE,"Between"
"441","Chi2","Chi2AR",3,"33304","2000X5","Variances.LOGV","stdyx",1,0,0,1,1,FALSE,"Between"
"442","Chi2","Chi2AR",3,"33304","5000X20","X.WITH.PHI","unstd",0.003,0.041,0.472,-0.076,0.084,FALSE,"Between"
"443","Chi2","Chi2AR",3,"33304","5000X20","X.WITH.LOGV","unstd",2.523,0.425,0,1.855,3.501,TRUE,"Between"
"444","Chi2","Chi2AR",3,"33304","5000X20","PHI.WITH.LOGV","unstd",-0.001,0.009,0.459,-0.019,0.018,FALSE,"Between"
"445","Chi2","Chi2AR",3,"33304","5000X20","Means.X","unstd",5.072,0.359,0,4.359,5.77,TRUE,"Between"
"446","Chi2","Chi2AR",3,"33304","5000X20","Means.PHI","unstd",0.4,0.01,0,0.379,0.419,TRUE,"Between"
"447","Chi2","Chi2AR",3,"33304","5000X20","Means.LOGV","unstd",1.525,0.084,0,1.361,1.686,TRUE,"Between"
"448","Chi2","Chi2AR",3,"33304","5000X20","Variances.X","unstd",12.481,1.982,0,9.397,16.991,TRUE,"Between"
"449","Chi2","Chi2AR",3,"33304","5000X20","Variances.PHI","unstd",0.002,0.001,0,0.001,0.004,TRUE,"Between"
"450","Chi2","Chi2AR",3,"33304","5000X20","Variances.LOGV","unstd",0.651,0.105,0,0.488,0.898,TRUE,"Between"
"451","Chi2","Chi2AR",3,"33304","5000X20","PHI|X.ON.X&1","stdyx",0.399,0.009,0,0.381,0.417,TRUE,"Within.Std.Averaged.Over.Clusters"
"452","Chi2","Chi2AR",3,"33304","5000X20","LOGV.|.X","stdyx",0.839,0.007,0,0.824,0.854,TRUE,"Within.Std.Averaged.Over.Clusters"
"453","Chi2","Chi2AR",3,"33304","5000X20","X.WITH.PHI","stdyx",0.023,0.273,0.472,-0.5,0.548,FALSE,"Between"
"454","Chi2","Chi2AR",3,"33304","5000X20","X.WITH.LOGV","stdyx",0.887,0.026,0,0.826,0.928,TRUE,"Between"
"455","Chi2","Chi2AR",3,"33304","5000X20","PHI.WITH.LOGV","stdyx",-0.029,0.275,0.459,-0.552,0.516,FALSE,"Between"
"456","Chi2","Chi2AR",3,"33304","5000X20","Means.X","stdyx",1.436,0.148,0,1.149,1.725,TRUE,"Between"
"457","Chi2","Chi2AR",3,"33304","5000X20","Means.PHI","stdyx",10.076,2.033,0,6.379,14.15,TRUE,"Between"
"458","Chi2","Chi2AR",3,"33304","5000X20","Means.LOGV","stdyx",1.889,0.181,0,1.541,2.247,TRUE,"Between"
"459","Chi2","Chi2AR",3,"33304","5000X20","Variances.X","stdyx",1,0,0,1,1,FALSE,"Between"
"460","Chi2","Chi2AR",3,"33304","5000X20","Variances.PHI","stdyx",1,0,0,1,1,FALSE,"Between"
"461","Chi2","Chi2AR",3,"33304","5000X20","Variances.LOGV","stdyx",1,0,0,1,1,FALSE,"Between"
"462","Gaussian","BinAR",4,"43286","2000X5","X.WITH.PHI","unstd",-0.02,0.011,0.04,-0.044,0.002,FALSE,"Between"
"463","Gaussian","BinAR",4,"43286","2000X5","X.WITH.LOGV","unstd",0.588,0.096,0,0.434,0.802,TRUE,"Between"
"464","Gaussian","BinAR",4,"43286","2000X5","PHI.WITH.LOGV","unstd",-0.014,0.008,0.025,-0.029,0,FALSE,"Between"
"465","Gaussian","BinAR",4,"43286","2000X5","Means.X","unstd",2.002,0.106,0,1.788,2.215,TRUE,"Between"
"466","Gaussian","BinAR",4,"43286","2000X5","Means.PHI","unstd",0.397,0.01,0,0.376,0.416,TRUE,"Between"
"467","Gaussian","BinAR",4,"43286","2000X5","Means.LOGV","unstd",0.077,0.066,0.122,-0.047,0.211,FALSE,"Between"
"468","Gaussian","BinAR",4,"43286","2000X5","Variances.X","unstd",1.059,0.164,0,0.81,1.429,TRUE,"Between"
"469","Gaussian","BinAR",4,"43286","2000X5","Variances.PHI","unstd",0.002,0.001,0,0.001,0.005,TRUE,"Between"
"470","Gaussian","BinAR",4,"43286","2000X5","Variances.LOGV","unstd",0.42,0.066,0,0.31,0.568,TRUE,"Between"
"471","Gaussian","BinAR",4,"43286","2000X5","PHI|X.ON.X&1","stdyx",0.397,0.009,0,0.378,0.415,TRUE,"Within.Std.Averaged.Over.Clusters"
"472","Gaussian","BinAR",4,"43286","2000X5","LOGV.|.X","stdyx",0.84,0.007,0,0.826,0.855,TRUE,"Within.Std.Averaged.Over.Clusters"
"473","Gaussian","BinAR",4,"43286","2000X5","X.WITH.PHI","stdyx",-0.438,0.222,0.04,-0.829,0.049,FALSE,"Between"
"474","Gaussian","BinAR",4,"43286","2000X5","X.WITH.LOGV","stdyx",0.884,0.027,0,0.822,0.929,TRUE,"Between"
"475","Gaussian","BinAR",4,"43286","2000X5","PHI.WITH.LOGV","stdyx",-0.487,0.223,0.025,-0.867,0.003,FALSE,"Between"
"476","Gaussian","BinAR",4,"43286","2000X5","Means.X","stdyx",1.95,0.176,0,1.609,2.299,TRUE,"Between"
"477","Gaussian","BinAR",4,"43286","2000X5","Means.PHI","stdyx",8.851,1.985,0,5.6,13.202,TRUE,"Between"
"478","Gaussian","BinAR",4,"43286","2000X5","Means.LOGV","stdyx",0.119,0.102,0.122,-0.072,0.328,FALSE,"Between"
"479","Gaussian","BinAR",4,"43286","2000X5","Variances.X","stdyx",1,0,0,1,1,FALSE,"Between"
"480","Gaussian","BinAR",4,"43286","2000X5","Variances.PHI","stdyx",1,0,0,1,1,FALSE,"Between"
"481","Gaussian","BinAR",4,"43286","2000X5","Variances.LOGV","stdyx",1,0,0,1,1,FALSE,"Between"
"482","Gaussian","BinAR",4,"43286","5000X20","X.WITH.PHI","unstd",-0.02,0.012,0.048,-0.045,0.003,FALSE,"Between"
"483","Gaussian","BinAR",4,"43286","5000X20","X.WITH.LOGV","unstd",0.592,0.101,0,0.432,0.826,TRUE,"Between"
"484","Gaussian","BinAR",4,"43286","5000X20","PHI.WITH.LOGV","unstd",-0.014,0.008,0.028,-0.03,0,FALSE,"Between"
"485","Gaussian","BinAR",4,"43286","5000X20","Means.X","unstd",2.001,0.106,0,1.798,2.214,TRUE,"Between"
"486","Gaussian","BinAR",4,"43286","5000X20","Means.PHI","unstd",0.398,0.011,0,0.376,0.418,TRUE,"Between"
"487","Gaussian","BinAR",4,"43286","5000X20","Means.LOGV","unstd",0.077,0.068,0.123,-0.056,0.21,FALSE,"Between"
"488","Gaussian","BinAR",4,"43286","5000X20","Variances.X","unstd",1.068,0.172,0,0.799,1.47,TRUE,"Between"
"489","Gaussian","BinAR",4,"43286","5000X20","Variances.PHI","unstd",0.002,0.001,0,0.001,0.005,TRUE,"Between"
"490","Gaussian","BinAR",4,"43286","5000X20","Variances.LOGV","unstd",0.421,0.069,0,0.312,0.58,TRUE,"Between"
"491","Gaussian","BinAR",4,"43286","5000X20","PHI|X.ON.X&1","stdyx",0.397,0.009,0,0.379,0.416,TRUE,"Within.Std.Averaged.Over.Clusters"
"492","Gaussian","BinAR",4,"43286","5000X20","LOGV.|.X","stdyx",0.84,0.007,0,0.825,0.854,TRUE,"Within.Std.Averaged.Over.Clusters"
"493","Gaussian","BinAR",4,"43286","5000X20","X.WITH.PHI","stdyx",-0.416,0.231,0.048,-0.823,0.07,FALSE,"Between"
"494","Gaussian","BinAR",4,"43286","5000X20","X.WITH.LOGV","stdyx",0.886,0.028,0,0.82,0.93,TRUE,"Between"
"495","Gaussian","BinAR",4,"43286","5000X20","PHI.WITH.LOGV","stdyx",-0.483,0.226,0.028,-0.862,0.008,FALSE,"Between"
"496","Gaussian","BinAR",4,"43286","5000X20","Means.X","stdyx",1.938,0.18,0,1.591,2.304,TRUE,"Between"
"497","Gaussian","BinAR",4,"43286","5000X20","Means.PHI","stdyx",8.627,2,0,5.537,12.966,TRUE,"Between"
"498","Gaussian","BinAR",4,"43286","5000X20","Means.LOGV","stdyx",0.119,0.104,0.123,-0.086,0.324,FALSE,"Between"
"499","Gaussian","BinAR",4,"43286","5000X20","Variances.X","stdyx",1,0,0,1,1,FALSE,"Between"
"500","Gaussian","BinAR",4,"43286","5000X20","Variances.PHI","stdyx",1,0,0,1,1,FALSE,"Between"
"501","Gaussian","BinAR",4,"43286","5000X20","Variances.LOGV","stdyx",1,0,0,1,1,FALSE,"Between"
"502","Chi2","BinAR",4,"43293","2000X5","X.WITH.PHI","unstd",0.03,0.024,0.094,-0.016,0.078,FALSE,"Between"
"503","Chi2","BinAR",4,"43293","2000X5","X.WITH.LOGV","unstd",1.155,0.208,0,0.82,1.639,TRUE,"Between"
"504","Chi2","BinAR",4,"43293","2000X5","PHI.WITH.LOGV","unstd",0.036,0.012,0,0.015,0.063,TRUE,"Between"
"505","Chi2","BinAR",4,"43293","2000X5","Means.X","unstd",2.696,0.192,0,2.316,3.073,TRUE,"Between"
"506","Chi2","BinAR",4,"43293","2000X5","Means.PHI","unstd",0.393,0.011,0,0.371,0.415,TRUE,"Between"
"507","Chi2","BinAR",4,"43293","2000X5","Means.LOGV","unstd",0.101,0.088,0.12,-0.078,0.268,FALSE,"Between"
"508","Chi2","BinAR",4,"43293","2000X5","Variances.X","unstd",3.499,0.517,0,2.646,4.664,TRUE,"Between"
"509","Chi2","BinAR",4,"43293","2000X5","Variances.PHI","unstd",0.004,0.002,0,0.002,0.008,TRUE,"Between"
"510","Chi2","BinAR",4,"43293","2000X5","Variances.LOGV","unstd",0.731,0.114,0,0.547,1.001,TRUE,"Between"
"511","Chi2","BinAR",4,"43293","2000X5","PHI|X.ON.X&1","stdyx",0.394,0.009,0,0.376,0.412,TRUE,"Within.Std.Averaged.Over.Clusters"
"512","Chi2","BinAR",4,"43293","2000X5","LOGV.|.X","stdyx",0.841,0.007,0,0.826,0.855,TRUE,"Within.Std.Averaged.Over.Clusters"
"513","Chi2","BinAR",4,"43293","2000X5","X.WITH.PHI","stdyx",0.259,0.192,0.094,-0.148,0.606,FALSE,"Between"
"514","Chi2","BinAR",4,"43293","2000X5","X.WITH.LOGV","stdyx",0.726,0.052,0,0.61,0.813,TRUE,"Between"
"515","Chi2","BinAR",4,"43293","2000X5","PHI.WITH.LOGV","stdyx",0.684,0.157,0,0.324,0.944,TRUE,"Between"
"516","Chi2","BinAR",4,"43293","2000X5","Means.X","stdyx",1.442,0.144,0,1.16,1.716,TRUE,"Between"
"517","Chi2","BinAR",4,"43293","2000X5","Means.PHI","stdyx",6.204,1.459,0,4.235,10.028,TRUE,"Between"
"518","Chi2","BinAR",4,"43293","2000X5","Means.LOGV","stdyx",0.119,0.102,0.12,-0.088,0.307,FALSE,"Between"
"519","Chi2","BinAR",4,"43293","2000X5","Variances.X","stdyx",1,0,0,1,1,FALSE,"Between"
"520","Chi2","BinAR",4,"43293","2000X5","Variances.PHI","stdyx",1,0,0,1,1,FALSE,"Between"
"521","Chi2","BinAR",4,"43293","2000X5","Variances.LOGV","stdyx",1,0,0,1,1,FALSE,"Between"
"522","Chi2","BinAR",4,"43293","5000X20","X.WITH.PHI","unstd",0.029,0.024,0.104,-0.017,0.08,FALSE,"Between"
"523","Chi2","BinAR",4,"43293","5000X20","X.WITH.LOGV","unstd",1.166,0.219,0,0.819,1.672,TRUE,"Between"
"524","Chi2","BinAR",4,"43293","5000X20","PHI.WITH.LOGV","unstd",0.036,0.012,0,0.015,0.062,TRUE,"Between"
"525","Chi2","BinAR",4,"43293","5000X20","Means.X","unstd",2.696,0.191,0,2.322,3.068,TRUE,"Between"
"526","Chi2","BinAR",4,"43293","5000X20","Means.PHI","unstd",0.394,0.011,0,0.371,0.416,TRUE,"Between"
"527","Chi2","BinAR",4,"43293","5000X20","Means.LOGV","unstd",0.103,0.089,0.124,-0.075,0.272,FALSE,"Between"
"528","Chi2","BinAR",4,"43293","5000X20","Variances.X","unstd",3.514,0.546,0,2.645,4.769,TRUE,"Between"
"529","Chi2","BinAR",4,"43293","5000X20","Variances.PHI","unstd",0.004,0.002,0,0.002,0.009,TRUE,"Between"
"530","Chi2","BinAR",4,"43293","5000X20","Variances.LOGV","unstd",0.736,0.118,0,0.555,1.016,TRUE,"Between"
"531","Chi2","BinAR",4,"43293","5000X20","PHI|X.ON.X&1","stdyx",0.394,0.009,0,0.375,0.413,TRUE,"Within.Std.Averaged.Over.Clusters"
"532","Chi2","BinAR",4,"43293","5000X20","LOGV.|.X","stdyx",0.841,0.007,0,0.825,0.855,TRUE,"Within.Std.Averaged.Over.Clusters"
"533","Chi2","BinAR",4,"43293","5000X20","X.WITH.PHI","stdyx",0.239,0.183,0.104,-0.137,0.576,FALSE,"Between"
"534","Chi2","BinAR",4,"43293","5000X20","X.WITH.LOGV","stdyx",0.728,0.052,0,0.615,0.814,TRUE,"Between"
"535","Chi2","BinAR",4,"43293","5000X20","PHI.WITH.LOGV","stdyx",0.65,0.156,0,0.306,0.906,TRUE,"Between"
"536","Chi2","BinAR",4,"43293","5000X20","Means.X","stdyx",1.44,0.146,0,1.158,1.733,TRUE,"Between"
"537","Chi2","BinAR",4,"43293","5000X20","Means.PHI","stdyx",6.01,1.404,0,4.152,9.619,TRUE,"Between"
"538","Chi2","BinAR",4,"43293","5000X20","Means.LOGV","stdyx",0.119,0.103,0.124,-0.085,0.317,FALSE,"Between"
"539","Chi2","BinAR",4,"43293","5000X20","Variances.X","stdyx",1,0,0,1,1,FALSE,"Between"
"540","Chi2","BinAR",4,"43293","5000X20","Variances.PHI","stdyx",1,0,0,1,1,FALSE,"Between"
"541","Chi2","BinAR",4,"43293","5000X20","Variances.LOGV","stdyx",1,0,0,1,1,FALSE,"Between"
"542","Gaussian","Chi2AR",4,"43297","2000X5","X.WITH.PHI","unstd",0.038,0.034,0.127,-0.026,0.107,FALSE,"Between"
"543","Gaussian","Chi2AR",4,"43297","2000X5","X.WITH.LOGV","unstd",1.147,0.185,0,0.844,1.59,TRUE,"Between"
"544","Gaussian","Chi2AR",4,"43297","2000X5","PHI.WITH.LOGV","unstd",0.002,0.005,0.307,-0.007,0.011,FALSE,"Between"
"545","Gaussian","Chi2AR",4,"43297","2000X5","Means.X","unstd",9.811,0.317,0,9.177,10.421,TRUE,"Between"
"546","Gaussian","Chi2AR",4,"43297","2000X5","Means.PHI","unstd",0.399,0.01,0,0.378,0.417,TRUE,"Between"
"547","Gaussian","Chi2AR",4,"43297","2000X5","Means.LOGV","unstd",2.422,0.042,0,2.339,2.503,TRUE,"Between"
"548","Gaussian","Chi2AR",4,"43297","2000X5","Variances.X","unstd",9.489,1.47,0,7.202,12.919,TRUE,"Between"
"549","Gaussian","Chi2AR",4,"43297","2000X5","Variances.PHI","unstd",0.002,0.001,0,0.001,0.004,TRUE,"Between"
"550","Gaussian","Chi2AR",4,"43297","2000X5","Variances.LOGV","unstd",0.153,0.027,0,0.11,0.218,TRUE,"Between"
"551","Gaussian","Chi2AR",4,"43297","2000X5","PHI|X.ON.X&1","stdyx",0.398,0.009,0,0.38,0.417,TRUE,"Within.Std.Averaged.Over.Clusters"
"552","Gaussian","Chi2AR",4,"43297","2000X5","LOGV.|.X","stdyx",0.84,0.007,0,0.825,0.853,TRUE,"Within.Std.Averaged.Over.Clusters"
"553","Gaussian","Chi2AR",4,"43297","2000X5","X.WITH.PHI","stdyx",0.304,0.242,0.127,-0.2,0.721,FALSE,"Between"
"554","Gaussian","Chi2AR",4,"43297","2000X5","X.WITH.LOGV","stdyx",0.954,0.019,0,0.908,0.983,TRUE,"Between"
"555","Gaussian","Chi2AR",4,"43297","2000X5","PHI.WITH.LOGV","stdyx",0.13,0.26,0.307,-0.381,0.632,FALSE,"Between"
"556","Gaussian","Chi2AR",4,"43297","2000X5","Means.X","stdyx",3.18,0.257,0,2.693,3.68,TRUE,"Between"
"557","Gaussian","Chi2AR",4,"43297","2000X5","Means.PHI","stdyx",9.622,1.919,0,6.332,13.704,TRUE,"Between"
"558","Gaussian","Chi2AR",4,"43297","2000X5","Means.LOGV","stdyx",6.204,0.546,0,5.172,7.326,TRUE,"Between"
"559","Gaussian","Chi2AR",4,"43297","2000X5","Variances.X","stdyx",1,0,0,1,1,FALSE,"Between"
"560","Gaussian","Chi2AR",4,"43297","2000X5","Variances.PHI","stdyx",1,0,0,1,1,FALSE,"Between"
"561","Gaussian","Chi2AR",4,"43297","2000X5","Variances.LOGV","stdyx",1,0,0,1,1,FALSE,"Between"
"562","Gaussian","Chi2AR",4,"43297","5000X20","X.WITH.PHI","unstd",0.037,0.035,0.135,-0.03,0.111,FALSE,"Between"
"563","Gaussian","Chi2AR",4,"43297","5000X20","X.WITH.LOGV","unstd",1.149,0.194,0,0.851,1.607,TRUE,"Between"
"564","Gaussian","Chi2AR",4,"43297","5000X20","PHI.WITH.LOGV","unstd",0.002,0.005,0.336,-0.007,0.011,FALSE,"Between"
"565","Gaussian","Chi2AR",4,"43297","5000X20","Means.X","unstd",9.812,0.321,0,9.175,10.444,TRUE,"Between"
"566","Gaussian","Chi2AR",4,"43297","5000X20","Means.PHI","unstd",0.399,0.01,0,0.379,0.42,TRUE,"Between"
"567","Gaussian","Chi2AR",4,"43297","5000X20","Means.LOGV","unstd",2.422,0.043,0,2.338,2.506,TRUE,"Between"
"568","Gaussian","Chi2AR",4,"43297","5000X20","Variances.X","unstd",9.555,1.534,0,7.194,13.132,TRUE,"Between"
"569","Gaussian","Chi2AR",4,"43297","5000X20","Variances.PHI","unstd",0.002,0.001,0,0.001,0.004,TRUE,"Between"
"570","Gaussian","Chi2AR",4,"43297","5000X20","Variances.LOGV","unstd",0.152,0.028,0,0.11,0.216,TRUE,"Between"
"571","Gaussian","Chi2AR",4,"43297","5000X20","PHI|X.ON.X&1","stdyx",0.399,0.009,0,0.381,0.418,TRUE,"Within.Std.Averaged.Over.Clusters"
"572","Gaussian","Chi2AR",4,"43297","5000X20","LOGV.|.X","stdyx",0.839,0.007,0,0.824,0.852,TRUE,"Within.Std.Averaged.Over.Clusters"
"573","Gaussian","Chi2AR",4,"43297","5000X20","X.WITH.PHI","stdyx",0.291,0.244,0.135,-0.224,0.719,FALSE,"Between"
"574","Gaussian","Chi2AR",4,"43297","5000X20","X.WITH.LOGV","stdyx",0.955,0.02,0,0.908,0.984,TRUE,"Between"
"575","Gaussian","Chi2AR",4,"43297","5000X20","PHI.WITH.LOGV","stdyx",0.115,0.26,0.336,-0.405,0.6,FALSE,"Between"
"576","Gaussian","Chi2AR",4,"43297","5000X20","Means.X","stdyx",3.176,0.263,0,2.655,3.691,TRUE,"Between"
"577","Gaussian","Chi2AR",4,"43297","5000X20","Means.PHI","stdyx",9.582,1.958,0,6.288,13.623,TRUE,"Between"
"578","Gaussian","Chi2AR",4,"43297","5000X20","Means.LOGV","stdyx",6.213,0.553,0,5.164,7.315,TRUE,"Between"
"579","Gaussian","Chi2AR",4,"43297","5000X20","Variances.X","stdyx",1,0,0,1,1,FALSE,"Between"
"580","Gaussian","Chi2AR",4,"43297","5000X20","Variances.PHI","stdyx",1,0,0,1,1,FALSE,"Between"
"581","Gaussian","Chi2AR",4,"43297","5000X20","Variances.LOGV","stdyx",1,0,0,1,1,FALSE,"Between"
"582","Chi2","Chi2AR",4,"43304","2000X5","X.WITH.PHI","unstd",-0.01,0.038,0.389,-0.085,0.059,FALSE,"Between"
"583","Chi2","Chi2AR",4,"43304","2000X5","X.WITH.LOGV","unstd",2.123,0.362,0,1.546,2.961,TRUE,"Between"
"584","Chi2","Chi2AR",4,"43304","2000X5","PHI.WITH.LOGV","unstd",0.002,0.01,0.437,-0.018,0.02,FALSE,"Between"
"585","Chi2","Chi2AR",4,"43304","2000X5","Means.X","unstd",5.219,0.336,0,4.567,5.871,TRUE,"Between"
"586","Chi2","Chi2AR",4,"43304","2000X5","Means.PHI","unstd",0.388,0.01,0,0.368,0.408,TRUE,"Between"
"587","Chi2","Chi2AR",4,"43304","2000X5","Means.LOGV","unstd",1.641,0.085,0,1.475,1.809,TRUE,"Between"
"588","Chi2","Chi2AR",4,"43304","2000X5","Variances.X","unstd",10.448,1.604,0,7.885,14.142,TRUE,"Between"
"589","Chi2","Chi2AR",4,"43304","2000X5","Variances.PHI","unstd",0.002,0.001,0,0.001,0.004,TRUE,"Between"
"590","Chi2","Chi2AR",4,"43304","2000X5","Variances.LOGV","unstd",0.676,0.106,0,0.507,0.922,TRUE,"Between"
"591","Chi2","Chi2AR",4,"43304","2000X5","PHI|X.ON.X&1","stdyx",0.388,0.009,0,0.369,0.406,TRUE,"Within.Std.Averaged.Over.Clusters"
"592","Chi2","Chi2AR",4,"43304","2000X5","LOGV.|.X","stdyx",0.848,0.007,0,0.833,0.862,TRUE,"Within.Std.Averaged.Over.Clusters"
"593","Chi2","Chi2AR",4,"43304","2000X5","X.WITH.PHI","stdyx",-0.079,0.276,0.389,-0.633,0.443,FALSE,"Between"
"594","Chi2","Chi2AR",4,"43304","2000X5","X.WITH.LOGV","stdyx",0.802,0.039,0,0.717,0.87,TRUE,"Between"
"595","Chi2","Chi2AR",4,"43304","2000X5","PHI.WITH.LOGV","stdyx",0.05,0.283,0.437,-0.533,0.556,FALSE,"Between"
"596","Chi2","Chi2AR",4,"43304","2000X5","Means.X","stdyx",1.617,0.155,0,1.316,1.926,TRUE,"Between"
"597","Chi2","Chi2AR",4,"43304","2000X5","Means.PHI","stdyx",9.954,1.946,0,6.421,13.855,TRUE,"Between"
"598","Chi2","Chi2AR",4,"43304","2000X5","Means.LOGV","stdyx",1.995,0.184,0,1.65,2.36,TRUE,"Between"
"599","Chi2","Chi2AR",4,"43304","2000X5","Variances.X","stdyx",1,0,0,1,1,FALSE,"Between"
"600","Chi2","Chi2AR",4,"43304","2000X5","Variances.PHI","stdyx",1,0,0,1,1,FALSE,"Between"
"601","Chi2","Chi2AR",4,"43304","2000X5","Variances.LOGV","stdyx",1,0,0,1,1,FALSE,"Between"
"602","Chi2","Chi2AR",4,"43304","5000X20","X.WITH.PHI","unstd",-0.009,0.038,0.408,-0.084,0.066,FALSE,"Between"
"603","Chi2","Chi2AR",4,"43304","5000X20","X.WITH.LOGV","unstd",2.144,0.383,0,1.528,3.033,TRUE,"Between"
"604","Chi2","Chi2AR",4,"43304","5000X20","PHI.WITH.LOGV","unstd",0.002,0.01,0.436,-0.018,0.021,FALSE,"Between"
"605","Chi2","Chi2AR",4,"43304","5000X20","Means.X","unstd",5.22,0.33,0,4.583,5.868,TRUE,"Between"
"606","Chi2","Chi2AR",4,"43304","5000X20","Means.PHI","unstd",0.389,0.01,0,0.368,0.409,TRUE,"Between"
"607","Chi2","Chi2AR",4,"43304","5000X20","Means.LOGV","unstd",1.643,0.086,0,1.477,1.809,TRUE,"Between"
"608","Chi2","Chi2AR",4,"43304","5000X20","Variances.X","unstd",10.474,1.691,0,7.83,14.338,TRUE,"Between"
"609","Chi2","Chi2AR",4,"43304","5000X20","Variances.PHI","unstd",0.002,0.001,0,0.001,0.004,TRUE,"Between"
"610","Chi2","Chi2AR",4,"43304","5000X20","Variances.LOGV","unstd",0.678,0.11,0,0.507,0.935,TRUE,"Between"
"611","Chi2","Chi2AR",4,"43304","5000X20","PHI|X.ON.X&1","stdyx",0.389,0.009,0,0.371,0.407,TRUE,"Within.Std.Averaged.Over.Clusters"
"612","Chi2","Chi2AR",4,"43304","5000X20","LOGV.|.X","stdyx",0.847,0.007,0,0.833,0.861,TRUE,"Within.Std.Averaged.Over.Clusters"
"613","Chi2","Chi2AR",4,"43304","5000X20","X.WITH.PHI","stdyx",-0.07,0.279,0.408,-0.59,0.487,FALSE,"Between"
"614","Chi2","Chi2AR",4,"43304","5000X20","X.WITH.LOGV","stdyx",0.806,0.041,0,0.713,0.872,TRUE,"Between"
"615","Chi2","Chi2AR",4,"43304","5000X20","PHI.WITH.LOGV","stdyx",0.052,0.291,0.436,-0.526,0.594,FALSE,"Between"
"616","Chi2","Chi2AR",4,"43304","5000X20","Means.X","stdyx",1.611,0.16,0,1.299,1.936,TRUE,"Between"
"617","Chi2","Chi2AR",4,"43304","5000X20","Means.PHI","stdyx",9.874,1.948,0,6.389,13.71,TRUE,"Between"
"618","Chi2","Chi2AR",4,"43304","5000X20","Means.LOGV","stdyx",1.997,0.188,0,1.64,2.373,TRUE,"Between"
"619","Chi2","Chi2AR",4,"43304","5000X20","Variances.X","stdyx",1,0,0,1,1,FALSE,"Between"
"620","Chi2","Chi2AR",4,"43304","5000X20","Variances.PHI","stdyx",1,0,0,1,1,FALSE,"Between"
"621","Chi2","Chi2AR",4,"43304","5000X20","Variances.LOGV","stdyx",1,0,0,1,1,FALSE,"Between"
